{"inertia": 3762.244439524558, "n_clusters": 4, "silhouette": 0.1856803764041242}