{
  "shape": [
    517,
    13
  ],
  "dtypes": {
    "X": "int64",
    "Y": "int64",
    "month": "object",
    "day": "object",
    "FFMC": "float64",
    "DMC": "float64",
    "DC": "float64",
    "ISI": "float64",
    "temp": "float64",
    "RH": "int64",
    "wind": "float64",
    "rain": "float64",
    "area": "float64"
  },
  "missing": {
    "X": 0,
    "Y": 0,
    "month": 0,
    "day": 0,
    "FFMC": 0,
    "DMC": 0,
    "DC": 0,
    "ISI": 0,
    "temp": 0,
    "RH": 0,
    "wind": 0,
    "rain": 0,
    "area": 0
  },
  "describe": {
    "X": {
      "count": 517.0,
      "unique": NaN,
      "top": NaN,
      "freq": NaN,
      "mean": 4.669245647969052,
      "std": 2.3137778287257666,
      "min": 1.0,
      "25%": 3.0,
      "50%": 4.0,
      "75%": 7.0,
      "max": 9.0
    },
    "Y": {
      "count": 517.0,
      "unique": NaN,
      "top": NaN,
      "freq": NaN,
      "mean": 4.299806576402321,
      "std": 1.2299004029898064,
      "min": 2.0,
      "25%": 4.0,
      "50%": 4.0,
      "75%": 5.0,
      "max": 9.0
    },
    "month": {
      "count": 517,
      "unique": 12,
      "top": "aug",
      "freq": 184,
      "mean": NaN,
      "std": NaN,
      "min": NaN,
      "25%": NaN,
      "50%": NaN,
      "75%": NaN,
      "max": NaN
    },
    "day": {
      "count": 517,
      "unique": 7,
      "top": "sun",
      "freq": 95,
      "mean": NaN,
      "std": NaN,
      "min": NaN,
      "25%": NaN,
      "50%": NaN,
      "75%": NaN,
      "max": NaN
    },
    "FFMC": {
      "count": 517.0,
      "unique": NaN,
      "top": NaN,
      "freq": NaN,
      "mean": 90.64468085106384,
      "std": 5.5201108488512665,
      "min": 18.7,
      "25%": 90.2,
      "50%": 91.6,
      "75%": 92.9,
      "max": 96.2
    },
    "DMC": {
      "count": 517.0,
      "unique": NaN,
      "top": NaN,
      "freq": NaN,
      "mean": 110.87234042553192,
      "std": 64.0464822492543,
      "min": 1.1,
      "25%": 68.6,
      "50%": 108.3,
      "75%": 142.4,
      "max": 291.3
    },
    "DC": {
      "count": 517.0,
      "unique": NaN,
      "top": NaN,
      "freq": NaN,
      "mean": 547.9400386847195,
      "std": 248.06619170584375,
      "min": 7.9,
      "25%": 437.7,
      "50%": 664.2,
      "75%": 713.9,
      "max": 860.6
    },
    "ISI": {
      "count": 517.0,
      "unique": NaN,
      "top": NaN,
      "freq": NaN,
      "mean": 9.021663442940039,
      "std": 4.5594771752160375,
      "min": 0.0,
      "25%": 6.5,
      "50%": 8.4,
      "75%": 10.8,
      "max": 56.1
    },
    "temp": {
      "count": 517.0,
      "unique": NaN,
      "top": NaN,
      "freq": NaN,
      "mean": 18.88916827852998,
      "std": 5.806625349573503,
      "min": 2.2,
      "25%": 15.5,
      "50%": 19.3,
      "75%": 22.8,
      "max": 33.3
    },
    "RH": {
      "count": 517.0,
      "unique": NaN,
      "top": NaN,
      "freq": NaN,
      "mean": 44.28820116054158,
      "std": 16.317469239378394,
      "min": 15.0,
      "25%": 33.0,
      "50%": 42.0,
      "75%": 53.0,
      "max": 100.0
    },
    "wind": {
      "count": 517.0,
      "unique": NaN,
      "top": NaN,
      "freq": NaN,
      "mean": 4.017601547388782,
      "std": 1.7916526009464604,
      "min": 0.4,
      "25%": 2.7,
      "50%": 4.0,
      "75%": 4.9,
      "max": 9.4
    },
    "rain": {
      "count": 517.0,
      "unique": NaN,
      "top": NaN,
      "freq": NaN,
      "mean": 0.021663442940038684,
      "std": 0.29595912089089405,
      "min": 0.0,
      "25%": 0.0,
      "50%": 0.0,
      "75%": 0.0,
      "max": 6.4
    },
    "area": {
      "count": 517.0,
      "unique": NaN,
      "top": NaN,
      "freq": NaN,
      "mean": 12.847292069632493,
      "std": 63.65581846794077,
      "min": 0.0,
      "25%": 0.0,
      "50%": 0.52,
      "75%": 6.57,
      "max": 1090.84
    }
  }
}